SiteID,Date,Time,Detection
Ool_1,24/02/2023,11:00:00,Fox
Ool_1,1/03/2023,2:41:00,Fox
Ool_1,14/03/2023,11:31:00,Fox
Ool_1,7/04/2023,19:41:00,Fox
Ool_1,8/04/2023,5:24:00,Fox
Ool_1,9/04/2023,6:50:00,Fox
Ool_1,11/04/2023,4:05:00,Fox
Ool_1,15/04/2023,2:49:00,Fox
Ool_1,23/04/2023,8:59:00,Fox
Ool_1,25/04/2023,0:16:00,Fox
Ool_1,30/04/2023,3:15:00,Fox
Ool_1,18/05/2023,19:35:00,Fox
Ool_1,19/05/2023,20:06:00,Fox
Ool_1,26/05/2023,21:24:00,Fox
Ool_1,1/06/2023,20:33:00,Fox
Ool_1,7/06/2023,0:10:00,Fox
Ool_1,19/06/2023,20:08:00,Fox
Ool_1,7/07/2023,2:30:00,Fox
Ool_1,20/07/2023,21:28:00,Fox
Ool_1,22/07/2023,22:30:00,Fox
Ool_1,14/02/2024,4:26:00,Fox
Ool_1,23/02/2024,9:42:00,Fox
Ool_1,24/02/2024,9:49:00,Fox
Ool_1,27/02/2024,2:32:00,Fox
Ool_1,6/03/2024,2:23:00,Fox
Ool_1,14/03/2024,1:13:00,Fox
Ool_1,15/03/2024,9:30:00,Fox
Ool_1,26/03/2024,2:41:00,Fox
Ool_1,3/04/2024,10:33:00,Fox
Ool_1,10/04/2024,5:58:00,Fox
Ool_1,27/04/2024,8:30:00,Fox
Ool_1,6/05/2024,8:07:00,Fox
Ool_1,8/05/2024,10:39:00,Fox
Ool_1,20/05/2024,3:42:00,Fox
Ool_1,21/05/2024,9:46:31,Fox
Ool_1,25/05/2024,6:10:22,Fox
Ool_1,1/06/2024,8:51:17,Fox
Ool_1,3/06/2024,7:48:44,Fox
Ool_1,23/06/2024,8:44:50,Fox
Ool_1,12/07/2024,10:15:43,Fox
Ool_1,14/07/2024,3:29:26,Fox
Ool_1,4/10/2024,7:36:01,Fox
Ool_10,26/03/2023,4:05:00,Fox
Ool_10,7/04/2023,2:40:00,Fox
Ool_10,23/04/2023,5:08:00,Fox
Ool_10,24/04/2023,6:14:00,Fox
Ool_10,25/04/2023,20:44:00,Fox
Ool_10,3/05/2023,3:15:00,Fox
Ool_10,15/05/2023,6:17:00,Fox
Ool_10,28/05/2023,20:09:00,Fox
Ool_10,22/06/2023,1:48:00,Fox
Ool_10,20/08/2023,21:09:00,Fox
Ool_10,11/09/2023,6:13:00,Fox
Ool_10,12/09/2023,6:28:00,Fox
Ool_10,16/09/2023,2:05:00,Fox
Ool_10,9/02/2024,3:46:27,Fox
Ool_10,15/02/2024,3:38:16,Fox
Ool_10,16/02/2024,2:35:23,Fox
Ool_10,24/02/2024,1:05:23,Fox
Ool_10,4/03/2024,3:37:17,Fox
Ool_10,20/03/2024,10:05:58,Fox
Ool_10,9/04/2024,3:42:03,Fox
Ool_10,10/04/2024,1:02:23,Fox
Ool_10,11/04/2024,12:29:44,Fox
Ool_10,12/04/2024,8:51:35,Fox
Ool_10,24/04/2024,9:38:18,Fox
Ool_10,27/04/2024,10:01:00,Fox
Ool_10,30/04/2024,3:30:55,Fox
Ool_10,2/05/2024,5:05:30,Fox
Ool_10,8/05/2024,3:14:12,Fox
Ool_10,25/05/2024,12:00:06,Fox
Ool_10,5/06/2024,12:33:53,Fox
Ool_10,24/06/2024,11:50:57,Fox
Ool_11,9/05/2023,4:59:00,Fox
Ool_11,12/05/2023,6:53:00,Fox
Ool_11,1/06/2023,10:45:00,Fox
Ool_11,17/06/2023,2:32:00,Fox
Ool_11,12/08/2023,7:29:00,Fox
Ool_11,13/08/2023,9:31:00,Fox
Ool_11,22/06/2024,19:13:04,Fox
Ool_11,27/06/2024,20:18:06,Fox
Ool_11,19/07/2024,3:35:21,Fox
Ool_11,25/08/2024,1:11:36,Fox
Ool_11,26/08/2024,19:58:31,Fox
Ool_11,2/09/2024,2:28:28,Fox
Ool_11,3/09/2024,19:26:25,Fox
Ool_11,4/09/2024,1:26:34,Fox
Ool_11,12/09/2024,20:27:21,Fox
Ool_11,15/09/2024,19:35:21,Fox
Ool_11,19/09/2024,22:06:18,Fox
Ool_11,23/09/2024,21:05:25,Fox
Ool_11,1/10/2024,17:59:27,Fox
Ool_11,4/10/2024,23:22:53,Fox
Ool_11,5/10/2024,3:09:20,Fox
Ool_11,3/12/2024,0:45:53,Fox
Ool_11,4/12/2024,22:48:40,Fox
Ool_11,7/12/2024,2:33:30,Fox
Ool_11,8/12/2024,21:52:32,Fox
Ool_11,9/12/2024,5:38:38,Fox
Ool_11,10/12/2024,6:17:05,Fox
Ool_11,11/12/2024,1:46:07,Fox
Ool_11,14/12/2024,23:47:27,Fox
Ool_11,15/12/2024,2:09:16,Fox
Ool_11,17/12/2024,6:05:14,Fox
Ool_11,19/12/2024,0:12:11,Fox
Ool_11,20/12/2024,19:13:31,Fox
Ool_11,21/12/2024,3:28:58,Fox
Ool_11,22/12/2024,3:55:18,Fox
Ool_11,4/01/2025,5:05:39,Fox
Ool_11,6/01/2025,5:28:40,Fox
Ool_11,7/01/2025,20:00:02,Fox
Ool_11,9/01/2025,21:22:01,Fox
Ool_11,10/01/2025,23:52:33,Fox
Ool_11,11/01/2025,3:50:59,Fox
Ool_13,7/02/2024,12:12:50,Fox
Ool_13,8/02/2024,3:11:11,Fox
Ool_13,9/02/2024,12:58:01,Fox
Ool_13,10/02/2024,3:21:13,Fox
Ool_13,11/02/2024,6:15:48,Fox
Ool_13,14/02/2024,8:35:43,Fox
Ool_13,15/02/2024,3:21:28,Fox
Ool_13,17/02/2024,11:56:40,Fox
Ool_13,18/02/2024,5:45:41,Fox
Ool_13,20/02/2024,2:50:48,Fox
Ool_13,23/02/2024,12:54:04,Fox
Ool_13,5/03/2024,11:24:16,Fox
Ool_13,6/03/2024,6:42:09,Fox
Ool_13,8/03/2024,5:53:45,Fox
Ool_13,11/03/2024,7:08:34,Fox
Ool_13,12/03/2024,11:52:08,Fox
Ool_13,17/03/2024,4:15:15,Fox
Ool_13,19/03/2024,8:38:26,Fox
Ool_13,20/03/2024,11:10:39,Fox
Ool_13,5/04/2024,12:26:39,Fox
Ool_13,11/04/2024,10:52:01,Fox
Ool_13,16/04/2024,11:47:51,Fox
Ool_13,29/04/2024,6:38:31,Fox
Ool_13,8/05/2024,9:54:53,Fox
Ool_13,11/05/2024,4:09:57,Fox
Ool_13,19/05/2024,6:44:40,Fox
Ool_13,27/02/2023,11:51:00,Fox
Ool_13,2/03/2023,7:54:00,Fox
Ool_13,26/02/2024,5:53:24,Fox
Ool_13,14/03/2024,5:10:59,Fox
Ool_13,23/03/2024,4:58:54,Fox
Ool_13,27/03/2024,9:44:43,Fox
Ool_13,30/03/2024,11:48:34,Fox
Ool_13,6/04/2024,7:22:36,Fox
Ool_13,9/04/2024,7:24:37,Fox
Ool_13,9/05/2024,9:18:43,Fox
Ool_13,15/06/2024,21:29:47,Fox
Ool_13,17/06/2024,1:30:20,Fox
Ool_13,30/06/2024,19:07:36,Fox
Ool_13,4/07/2024,23:31:20,Fox
Ool_13,29/08/2024,6:37:14,Fox
Ool_13,21/09/2024,6:20:11,Fox
Ool_13,30/09/2024,21:35:52,Fox
Ool_13,16/10/2024,20:23:05,Fox
Ool_13,5/11/2024,21:07:49,Fox
Ool_13,25/11/2024,6:07:48,Fox
Ool_13,27/11/2024,23:13:56,Fox
Ool_13,28/11/2024,8:09:44,Fox
Ool_13,5/12/2024,4:02:27,Fox
Ool_13,13/01/2025,5:44:45,Fox
Ool_13,24/02/2025,1:12:22,Fox
Ool_13,4/03/2025,4:57:36,Fox
Ool_14,26/02/2023,9:51:00,Fox
Ool_14,27/02/2023,9:26:00,Fox
Ool_14,4/03/2023,4:47:00,Fox
Ool_14,6/03/2023,10:48:00,Fox
Ool_14,11/03/2023,1:13:00,Fox
Ool_14,29/02/2024,4:25:45,Fox
Ool_14,6/03/2024,8:18:57,Fox
Ool_14,18/03/2024,1:39:57,Fox
Ool_14,25/03/2024,9:27:13,Fox
Ool_14,18/04/2024,12:25:35,Fox
Ool_14,20/05/2024,8:05:49,Fox
Ool_14,27/05/2024,19:44:44,Fox
Ool_14,4/06/2024,7:07:04,Fox
Ool_14,10/06/2024,7:04:27,Fox
Ool_14,24/06/2024,1:29:21,Fox
Ool_14,12/07/2024,5:39:03,Fox
Ool_14,23/07/2024,8:06:49,Fox
Ool_14,4/08/2024,20:30:36,Fox
Ool_14,8/08/2024,18:39:58,Fox
Ool_15,6/04/2023,7:41:00,Fox
Ool_15,10/04/2023,2:56:00,Fox
Ool_15,13/04/2023,3:20:00,Fox
Ool_15,26/04/2023,22:00:00,Fox
Ool_15,1/05/2023,21:09:00,Fox
Ool_15,14/05/2023,12:35:00,Fox
Ool_15,26/05/2023,22:21:00,Fox
Ool_15,12/06/2023,8:29:00,Fox
Ool_15,18/06/2023,20:26:00,Fox
Ool_15,24/06/2023,3:32:00,Fox
Ool_15,30/06/2023,18:58:00,Fox
Ool_15,11/07/2023,23:54:00,Fox
Ool_15,12/07/2023,19:21:00,Fox
Ool_15,15/07/2023,19:35:00,Fox
Ool_15,23/07/2023,1:25:00,Fox
Ool_15,28/07/2023,4:32:00,Fox
Ool_15,31/07/2023,19:56:00,Fox
Ool_15,6/08/2023,20:05:00,Fox
Ool_15,8/08/2023,18:41:00,Fox
Ool_15,10/08/2023,22:03:00,Fox
Ool_15,12/08/2023,19:53:00,Fox
Ool_15,16/10/2023,12:49:00,Fox
Ool_15,25/10/2023,5:42:00,Fox
Ool_15,25/11/2023,20:38:00,Fox
Ool_15,30/11/2023,22:24:00,Fox
Ool_15,29/02/2024,4:25:45,Fox
Ool_15,6/03/2024,8:18:57,Fox
Ool_15,18/03/2024,1:39:57,Fox
Ool_15,25/03/2024,9:27:13,Fox
Ool_15,18/04/2024,12:25:35,Fox
Ool_15,20/05/2024,8:05:49,Fox
Ool_15,27/05/2024,3:30:09,Fox
Ool_15,29/05/2024,21:38:06,Fox
Ool_15,3/06/2024,20:20:52,Fox
Ool_15,7/06/2024,9:51:40,Fox
Ool_15,9/06/2024,0:13:58,Fox
Ool_15,10/06/2024,21:57:42,Fox
Ool_15,19/06/2024,18:03:15,Fox
Ool_15,21/06/2024,11:47:02,Fox
Ool_15,18/07/2024,19:11:29,Fox
Ool_15,22/07/2024,6:31:24,Fox
Ool_15,27/07/2024,22:36:15,Fox
Ool_15,17/08/2024,4:47:27,Fox
Ool_15,25/08/2024,7:33:12,Fox
Ool_15,31/08/2024,6:12:59,Fox
Ool_15,5/09/2024,21:57:23,Fox
Ool_15,26/10/2024,4:57:35,Fox
Ool_15,26/11/2024,2:04:58,Fox
Ool_15,29/12/2024,1:47:14,Fox
Ool_15,9/04/2025,1:54:27,Fox
Ool_15,11/04/2025,3:48:57,Fox
Ool_15,16/04/2025,20:15:05,Fox
Ool_15,21/04/2025,22:28:27,Fox
Ool_17,2/03/2023,12:36:00,Fox
Ool_17,12/03/2023,3:51:00,Fox
Ool_17,1/04/2023,7:05:00,Fox
Ool_17,23/05/2023,7:52:00,Fox
Ool_17,7/07/2023,9:40:00,Fox
Ool_17,31/07/2023,8:18:00,Fox
Ool_17,4/08/2023,5:51:00,Fox
Ool_17,8/08/2023,7:49:00,Fox
Ool_17,8/02/2024,2:52:12,Fox
Ool_17,15/02/2024,3:11:55,Fox
Ool_17,23/02/2024,8:33:05,Fox
Ool_17,6/03/2024,11:01:13,Fox
Ool_17,9/03/2024,5:17:56,Fox
Ool_17,11/03/2024,4:01:51,Fox
Ool_17,14/03/2024,4:10:16,Fox
Ool_17,18/03/2024,4:32:20,Fox
Ool_17,5/04/2024,11:04:04,Fox
Ool_17,6/04/2024,8:49:18,Fox
Ool_17,16/04/2024,11:54:06,Fox
Ool_17,22/04/2024,8:26:41,Fox
Ool_17,5/05/2024,2:59:06,Fox
Ool_17,7/05/2024,8:09:42,Fox
Ool_17,22/05/2024,1:59:48,Fox
Ool_17,15/06/2024,8:09:41,Fox
Ool_17,21/06/2024,1:36:49,Fox
Ool_17,6/07/2024,7:24:23,Fox
Ool_17,24/07/2024,6:33:29,Fox
Ool_17,25/07/2024,5:10:41,Fox
Ool_17,31/07/2024,4:48:06,Fox
Ool_17,5/08/2024,18:10:59,Fox
Ool_17,5/09/2024,20:51:43,Fox
Ool_17,24/04/2025,20:40:34,Fox
Ool_18,26/02/2023,11:54:00,Fox
Ool_18,4/03/2023,2:35:00,Fox
Ool_18,10/03/2023,12:31:00,Fox
Ool_18,19/03/2023,4:35:00,Fox
Ool_18,21/03/2023,5:08:00,Fox
Ool_18,29/03/2023,12:01:00,Fox
Ool_18,2/04/2023,10:45:00,Fox
Ool_18,8/04/2023,4:25:00,Fox
Ool_18,13/04/2023,6:39:00,Fox
Ool_18,14/04/2023,9:33:00,Fox
Ool_18,19/04/2023,10:08:00,Fox
Ool_18,22/04/2023,9:15:00,Fox
Ool_18,24/04/2023,9:15:00,Fox
Ool_18,2/05/2023,7:05:00,Fox
Ool_18,15/05/2023,7:29:00,Fox
Ool_18,11/06/2023,3:48:00,Fox
Ool_18,15/07/2023,10:39:00,Fox
Ool_18,24/07/2023,8:12:00,Fox
Ool_18,25/07/2023,10:57:00,Fox
Ool_18,29/07/2023,7:33:00,Fox
Ool_18,20/08/2023,11:11:00,Fox
Ool_18,3/09/2023,3:44:00,Fox
Ool_18,18/02/2024,9:26:10,Fox
Ool_18,20/03/2024,8:20:38,Fox
Ool_18,22/03/2024,8:14:16,Fox
Ool_18,24/03/2024,6:45:07,Fox
Ool_18,25/03/2024,6:38:45,Fox
Ool_18,29/03/2024,3:25:52,Fox
Ool_18,2/07/2024,22:45:42,Fox
Ool_18,3/07/2024,20:07:40,Fox
Ool_19,7/03/2023,21:53:00,Fox
Ool_19,9/03/2023,23:42:00,Fox
Ool_19,22/03/2023,19:51:00,Fox
Ool_19,24/03/2023,3:42:00,Fox
Ool_19,27/03/2023,20:25:00,Fox
Ool_19,28/03/2023,1:24:00,Fox
Ool_19,30/03/2023,0:18:00,Fox
Ool_19,3/04/2023,21:23:00,Fox
Ool_19,23/04/2023,22:01:00,Fox
Ool_19,17/05/2023,1:51:00,Fox
Ool_19,24/05/2023,19:18:00,Fox
Ool_19,30/06/2023,20:32:00,Fox
Ool_19,25/07/2023,19:46:00,Fox
Ool_19,9/08/2023,20:00:00,Fox
Ool_19,25/02/2024,12:48:31,Fox
Ool_19,26/02/2024,2:38:16,Fox
Ool_19,28/02/2024,12:00:21,Fox
Ool_19,2/03/2024,12:54:02,Fox
Ool_19,3/03/2024,3:58:09,Fox
Ool_19,5/03/2024,3:04:45,Fox
Ool_19,7/03/2024,12:29:21,Fox
Ool_19,17/03/2024,4:08:06,Fox
Ool_19,9/04/2024,7:49:41,Fox
Ool_19,13/04/2024,7:50:55,Fox
Ool_19,18/04/2024,11:52:18,Fox
Ool_19,8/05/2024,12:26:51,Fox
Ool_19,9/05/2024,9:39:40,Fox
Ool_19,11/05/2024,10:15:42,Fox
Ool_19,20/05/2024,2:12:28,Fox
Ool_19,23/05/2024,18:46:07,Fox
Ool_19,26/05/2024,20:30:04,Fox
Ool_19,2/06/2024,19:11:30,Fox
Ool_19,9/06/2024,18:51:12,Fox
Ool_19,11/06/2024,18:45:05,Fox
Ool_19,13/06/2024,18:41:41,Fox
Ool_19,17/06/2024,8:02:21,Fox
Ool_19,4/07/2024,14:30:29,Fox
Ool_19,14/07/2024,22:20:19,Fox
Ool_19,26/09/2024,6:09:23,Fox
Ool_19,24/02/2025,21:08:51,Fox
Ool_20,2/03/2023,0:48:00,Fox
Ool_20,3/03/2023,3:33:00,Fox
Ool_20,11/03/2023,22:27:00,Fox
Ool_20,12/03/2023,21:04:00,Fox
Ool_20,16/03/2023,3:01:00,Fox
Ool_20,17/03/2023,5:29:00,Fox
Ool_20,20/03/2023,0:51:00,Fox
Ool_20,21/03/2023,1:04:00,Fox
Ool_20,23/03/2023,22:24:00,Fox
Ool_20,25/03/2023,2:32:00,Fox
Ool_20,29/03/2023,0:50:00,Fox
Ool_20,30/03/2023,3:04:00,Fox
Ool_20,31/03/2023,1:55:00,Fox
Ool_20,2/04/2023,6:56:00,Fox
Ool_20,3/04/2023,1:40:00,Fox
Ool_20,4/04/2023,0:19:00,Fox
Ool_20,5/04/2023,23:22:00,Fox
Ool_20,7/04/2023,22:42:00,Fox
Ool_20,8/04/2023,22:00:00,Fox
Ool_20,9/04/2023,2:02:00,Fox
Ool_20,11/04/2023,1:25:00,Fox
Ool_20,14/04/2023,20:10:00,Fox
Ool_20,15/04/2023,8:47:00,Fox
Ool_20,16/04/2023,0:12:00,Fox
Ool_20,17/04/2023,9:17:00,Fox
Ool_20,18/04/2023,20:22:00,Fox
Ool_20,19/04/2023,0:16:00,Fox
Ool_20,20/04/2023,0:17:00,Fox
Ool_20,21/04/2023,0:41:00,Fox
Ool_20,22/04/2023,21:46:00,Fox
Ool_20,24/04/2023,21:37:00,Fox
Ool_20,25/04/2023,19:05:00,Fox
Ool_20,26/04/2023,6:30:00,Fox
Ool_20,27/04/2023,23:18:00,Fox
Ool_20,29/04/2023,1:22:00,Fox
Ool_20,1/05/2023,5:02:00,Fox
Ool_20,3/05/2023,23:59:00,Fox
Ool_20,4/05/2023,2:18:00,Fox
Ool_20,6/05/2023,22:19:00,Fox
Ool_20,8/05/2023,19:19:00,Fox
Ool_20,11/05/2023,2:01:00,Fox
Ool_20,14/05/2023,1:49:00,Fox
Ool_20,15/05/2023,2:11:00,Fox
Ool_20,16/05/2023,0:04:00,Fox
Ool_20,18/05/2023,1:19:00,Fox
Ool_20,19/05/2023,23:46:00,Fox
Ool_20,20/05/2023,0:20:00,Fox
Ool_20,22/05/2023,1:25:00,Fox
Ool_20,24/05/2023,19:24:00,Fox
Ool_20,30/05/2023,18:27:00,Fox
Ool_20,31/05/2023,19:39:00,Fox
Ool_20,8/06/2023,19:52:00,Fox
Ool_20,9/06/2023,2:24:00,Fox
Ool_20,18/06/2023,6:14:00,Fox
Ool_20,22/06/2023,22:52:00,Fox
Ool_20,24/06/2023,4:07:00,Fox
Ool_20,6/07/2023,20:59:00,Fox
Ool_20,18/07/2023,19:28:00,Fox
Ool_20,16/08/2023,2:57:00,Fox
Ool_20,19/08/2023,0:58:00,Fox
Ool_20,26/08/2023,21:56:00,Fox
Ool_20,29/08/2023,20:24:00,Fox
Ool_20,6/09/2023,20:44:00,Fox
Ool_20,20/09/2023,21:27:00,Fox
Ool_20,21/09/2023,22:15:00,Fox
Ool_20,25/09/2023,21:25:00,Fox
Ool_20,8/02/2024,12:44:27,Fox
Ool_20,9/02/2024,11:40:32,Fox
Ool_20,16/02/2024,4:12:38,Fox
Ool_20,25/02/2024,1:16:32,Fox
Ool_20,28/02/2024,4:18:44,Fox
Ool_20,2/03/2024,8:57:34,Fox
Ool_20,3/03/2024,9:40:13,Fox
Ool_20,6/03/2024,3:08:18,Fox
Ool_20,11/03/2024,4:30:57,Fox
Ool_20,12/03/2024,3:28:58,Fox
Ool_20,13/03/2024,1:13:32,Fox
Ool_20,19/03/2024,4:37:22,Fox
Ool_20,24/03/2024,2:45:45,Fox
Ool_20,28/03/2024,6:31:48,Fox
Ool_20,29/03/2024,1:47:13,Fox
Ool_20,2/04/2024,11:44:19,Fox
Ool_20,7/04/2024,2:58:45,Fox
Ool_20,11/04/2024,9:29:01,Fox
Ool_20,24/04/2024,4:19:51,Fox
Ool_20,15/05/2024,10:33:11,Fox
Ool_20,18/05/2024,2:56:02,Fox
Ool_20,20/05/2024,1:00:56,Fox
Ool_20,23/08/2024,1:56:43,Fox
Ool_20,24/08/2024,19:10:10,Fox
Ool_20,7/09/2024,21:33:24,Fox
Ool_20,16/09/2024,0:38:01,Fox
Ool_20,21/12/2024,21:20:19,Fox
Ool_20,14/03/2025,2:58:01,Fox
Ool_20,16/03/2025,4:48:29,Fox
Ool_20,3/04/2025,22:52:03,Fox
Ool_22,26/02/2023,8:45:00,Fox
Ool_22,27/02/2023,5:54:00,Fox
Ool_22,28/02/2023,10:11:00,Fox
Ool_22,2/03/2023,6:53:00,Fox
Ool_22,11/03/2023,3:30:00,Fox
Ool_22,17/03/2023,3:44:00,Fox
Ool_22,30/03/2023,12:44:00,Fox
Ool_22,13/04/2023,6:55:00,Fox
Ool_22,9/06/2023,6:53:00,Fox
Ool_22,6/07/2023,12:23:00,Fox
Ool_22,27/07/2023,7:01:00,Fox
Ool_22,6/02/2024,11:00:31,Fox
Ool_22,7/02/2024,2:25:26,Fox
Ool_22,11/02/2024,2:45:35,Fox
Ool_22,12/02/2024,2:30:29,Fox
Ool_22,14/02/2024,1:34:25,Fox
Ool_22,15/02/2024,4:30:41,Fox
Ool_22,17/02/2024,5:17:19,Fox
Ool_22,2/03/2024,3:02:22,Fox
Ool_22,7/03/2024,6:35:30,Fox
Ool_22,10/03/2024,3:00:57,Fox
Ool_22,11/03/2024,11:03:14,Fox
Ool_22,12/03/2024,5:18:26,Fox
Ool_22,13/03/2024,1:34:52,Fox
Ool_22,14/03/2024,2:24:07,Fox
Ool_22,15/03/2024,8:45:38,Fox
Ool_22,18/03/2024,11:09:25,Fox
Ool_22,26/03/2024,5:06:39,Fox
Ool_22,30/03/2024,2:59:26,Fox
Ool_22,31/03/2024,9:28:31,Fox
Ool_22,13/04/2024,2:35:20,Fox
Ool_22,25/04/2024,3:13:54,Fox
Ool_22,5/05/2024,4:40:42,Fox
Ool_22,12/05/2024,9:58:41,Fox
Ool_22,13/05/2024,7:42:03,Fox
Ool_22,4/06/2024,21:56:27,Fox
Ool_22,10/06/2024,19:07:26,Fox
Ool_22,11/06/2024,5:43:35,Fox
Ool_22,8/07/2024,3:07:29,Fox
Ool_22,29/07/2024,22:48:01,Fox
Ool_22,20/08/2024,19:53:05,Fox
Ool_22,26/08/2024,4:06:25,Fox
Ool_22,2/09/2024,2:11:24,Fox
Ool_22,17/09/2024,18:59:48,Fox
Ool_22,21/09/2024,2:53:10,Fox
Ool_22,22/09/2024,19:39:48,Fox
Ool_22,30/09/2024,23:40:15,Fox
Ool_22,23/01/2025,0:28:17,Fox
Ool_22,9/02/2025,21:27:38,Fox
Ool_22,1/03/2025,22:44:42,Fox
Ool_22,3/03/2025,1:56:47,Fox
Ool_22,11/03/2025,5:19:37,Fox
Ool_22,13/03/2025,2:30:56,Fox
Ool_22,4/04/2025,7:08:40,Fox
Ool_22,10/04/2025,23:31:56,Fox
Ool_22,13/04/2025,2:52:21,Fox
Ool_23,19/04/2023,22:20:00,Fox
Ool_23,21/02/2024,9:27:14,Fox
Ool_23,25/02/2024,2:14:29,Fox
Ool_23,29/02/2024,10:03:19,Fox
Ool_23,30/04/2024,10:58:25,Fox
Ool_23,7/05/2024,9:03:34,Fox
Ool_23,28/06/2024,7:17:06,Fox
Ool_23,18/08/2024,23:39:36,Fox
Ool_24,14/03/2023,3:51:00,Fox
Ool_24,28/03/2023,8:36:00,Fox
Ool_24,7/04/2023,3:46:00,Fox
Ool_24,20/04/2023,3:39:00,Fox
Ool_24,23/04/2023,7:09:00,Fox
Ool_24,14/05/2023,10:58:00,Fox
Ool_24,31/05/2023,8:08:00,Fox
Ool_24,1/06/2023,9:53:00,Fox
Ool_24,4/06/2023,9:11:00,Fox
Ool_24,6/06/2023,8:44:00,Fox
Ool_24,7/06/2023,8:06:00,Fox
Ool_24,8/06/2023,9:44:00,Fox
Ool_24,9/06/2023,8:41:00,Fox
Ool_24,13/06/2023,10:56:00,Fox
Ool_24,18/06/2023,11:05:00,Fox
Ool_24,24/06/2023,2:13:00,Fox
Ool_24,30/06/2023,8:16:00,Fox
Ool_24,7/07/2023,8:24:00,Fox
Ool_24,9/07/2023,7:47:00,Fox
Ool_24,10/07/2023,3:10:00,Fox
Ool_24,20/07/2023,10:33:00,Fox
Ool_24,21/07/2023,12:54:00,Fox
Ool_24,14/08/2023,11:01:00,Fox
Ool_24,17/09/2023,3:43:00,Fox
Ool_24,6/10/2023,10:13:00,Fox
Ool_24,9/02/2024,3:44:01,Fox
Ool_24,10/02/2024,4:07:13,Fox
Ool_24,12/02/2024,5:44:02,Fox
Ool_24,13/02/2024,1:09:42,Fox
Ool_24,16/02/2024,9:42:50,Fox
Ool_24,18/02/2024,7:21:59,Fox
Ool_24,19/02/2024,11:42:57,Fox
Ool_24,21/02/2024,3:50:47,Fox
Ool_24,25/02/2024,3:57:07,Fox
Ool_24,1/03/2024,2:08:23,Fox
Ool_24,3/03/2024,10:05:33,Fox
Ool_24,4/03/2024,12:38:36,Fox
Ool_24,6/03/2024,1:00:12,Fox
Ool_24,8/03/2024,1:54:24,Fox
Ool_24,12/03/2024,7:41:30,Fox
Ool_24,13/03/2024,3:29:44,Fox
Ool_24,19/03/2024,4:05:12,Fox
Ool_24,20/04/2024,8:15:12,Fox
Ool_24,2/05/2024,5:20:39,Fox
Ool_24,3/05/2024,2:32:58,Fox
Ool_24,4/05/2024,7:06:32,Fox
Ool_24,11/06/2024,0:32:12,Fox
Ool_24,2/08/2024,22:00:03,Fox
Ool_24,3/08/2024,19:27:37,Fox
Ool_24,4/08/2024,23:27:22,Fox
Ool_24,24/09/2024,4:30:17,Fox
Ool_24,28/09/2024,2:13:08,Fox
Ool_24,1/10/2024,5:21:10,Fox
Ool_24,4/10/2024,22:43:27,Fox
Ool_24,14/10/2024,1:22:30,Fox
Ool_24,25/10/2024,4:04:38,Fox
Ool_24,27/10/2024,4:48:43,Fox
Ool_24,28/10/2024,1:53:33,Fox
Ool_25,26/02/2023,8:56:00,Fox
Ool_25,27/02/2023,2:21:00,Fox
Ool_25,28/02/2023,12:19:00,Fox
Ool_25,3/03/2023,10:11:00,Fox
Ool_25,6/03/2023,3:38:00,Fox
Ool_25,8/03/2023,10:31:00,Fox
Ool_25,9/03/2023,11:15:00,Fox
Ool_25,10/03/2023,6:02:00,Fox
Ool_25,11/03/2023,9:31:00,Fox
Ool_25,15/03/2023,8:14:00,Fox
Ool_25,18/03/2023,1:21:00,Fox
Ool_25,21/03/2023,2:15:00,Fox
Ool_25,26/03/2023,7:02:00,Fox
Ool_25,30/03/2023,8:28:00,Fox
Ool_25,1/04/2023,4:22:00,Fox
Ool_25,2/04/2023,1:27:00,Fox
Ool_25,9/04/2023,8:20:00,Fox
Ool_25,10/04/2023,3:48:00,Fox
Ool_25,16/04/2023,7:15:00,Fox
Ool_25,19/04/2023,8:19:00,Fox
Ool_25,21/04/2023,5:01:00,Fox
Ool_25,25/04/2023,5:00:00,Fox
Ool_25,27/04/2023,2:38:00,Fox
Ool_25,28/04/2023,8:32:00,Fox
Ool_25,8/02/2024,2:18:13,Fox
Ool_25,9/02/2024,5:25:37,Fox
Ool_25,10/02/2024,1:27:56,Fox
Ool_25,12/02/2024,12:50:19,Fox
Ool_25,14/02/2024,1:24:03,Fox
Ool_25,16/02/2024,12:51:32,Fox
Ool_25,17/02/2024,1:01:16,Fox
Ool_25,18/02/2024,11:09:21,Fox
Ool_25,19/02/2024,2:27:14,Fox
Ool_25,21/02/2024,4:10:30,Fox
Ool_25,24/02/2024,6:04:42,Fox
Ool_25,25/02/2024,1:59:12,Fox
Ool_25,26/02/2024,12:54:25,Fox
Ool_25,2/03/2024,9:27:10,Fox
Ool_25,14/03/2024,10:09:46,Fox
Ool_25,18/03/2024,2:34:06,Fox
Ool_25,22/03/2024,9:06:06,Fox
Ool_25,23/03/2024,12:06:18,Fox
Ool_25,27/03/2024,10:46:40,Fox
Ool_25,28/03/2024,10:36:22,Fox
Ool_25,3/04/2024,9:24:03,Fox
Ool_25,11/04/2024,11:48:53,Fox
Ool_25,12/04/2024,7:55:37,Fox
Ool_25,17/04/2024,8:41:59,Fox
Ool_25,19/04/2024,9:24:47,Fox
Ool_25,24/05/2024,2:28:27,Fox
Ool_25,3/09/2024,6:08:52,Fox
Ool_26,13/02/2024,10:03:35,Fox
Ool_26,19/03/2024,7:41:56,Fox
Ool_26,21/03/2024,8:24:12,Fox
Ool_26,24/03/2024,6:43:33,Fox
Ool_26,28/03/2024,11:08:19,Fox
Ool_26,29/03/2024,1:28:08,Fox
Ool_26,2/04/2024,1:00:41,Fox
Ool_26,13/04/2024,10:23:04,Fox
Ool_26,17/04/2024,7:07:08,Fox
Ool_26,20/04/2024,11:42:50,Fox
Ool_26,2/05/2024,8:54:00,Fox
Ool_26,6/05/2024,8:52:09,Fox
Ool_26,2/07/2024,4:10:22,Fox
Ool_26,4/10/2024,0:06:08,Fox
Ool_26,1/01/2025,2:47:11,Fox
Ool_26,4/01/2025,4:40:47,Fox
Ool_26,5/01/2025,0:15:28,Fox
Ool_26,15/01/2025,21:37:12,Fox
Ool_26,15/02/2025,23:18:49,Fox
Ool_26,27/02/2025,6:16:19,Fox
Ool_27,27/02/2023,5:47:00,Fox
Ool_27,2/03/2023,11:22:00,Fox
Ool_27,13/03/2023,7:49:00,Fox
Ool_27,26/03/2023,1:40:00,Fox
Ool_27,29/03/2023,9:17:00,Fox
Ool_27,3/04/2023,3:34:00,Fox
Ool_27,12/04/2023,12:14:00,Fox
Ool_27,21/04/2023,8:46:00,Fox
Ool_27,25/04/2023,2:39:00,Fox
Ool_27,5/05/2023,7:23:00,Fox
Ool_27,15/05/2023,10:41:00,Fox
Ool_27,18/05/2023,11:36:00,Fox
Ool_27,24/05/2023,11:06:00,Fox
Ool_27,29/06/2023,6:29:00,Fox
Ool_27,2/07/2023,1:16:00,Fox
Ool_27,8/07/2023,9:28:00,Fox
Ool_27,14/07/2023,7:39:00,Fox
Ool_27,20/07/2023,3:51:00,Fox
Ool_27,30/07/2023,8:35:00,Fox
Ool_27,7/02/2024,9:53:03,Fox
Ool_27,3/03/2024,7:25:36,Fox
Ool_27,4/03/2024,2:03:30,Fox
Ool_27,6/03/2024,6:15:58,Fox
Ool_27,12/03/2024,3:57:20,Fox
Ool_27,15/03/2024,2:50:59,Fox
Ool_27,26/03/2024,1:36:23,Fox
Ool_27,30/04/2024,10:21:19,Fox
Ool_27,1/05/2024,1:36:49,Fox
Ool_27,2/05/2024,1:36:51,Fox
Ool_27,6/07/2024,19:34:23,Fox
Ool_27,31/07/2024,20:19:12,Fox
Ool_27,19/08/2024,21:07:48,Fox
Ool_27,26/08/2024,21:54:42,Fox
Ool_27,27/08/2024,19:39:25,Fox
Ool_27,1/09/2024,2:15:23,Fox
Ool_27,3/09/2024,20:32:47,Fox
Ool_28,26/02/2023,23:44:00,Fox
Ool_28,1/03/2023,5:48:00,Fox
Ool_28,9/03/2023,4:18:00,Fox
Ool_28,16/03/2023,22:53:00,Fox
Ool_28,17/03/2023,5:53:00,Fox
Ool_28,20/03/2023,3:51:00,Fox
Ool_28,27/03/2023,1:35:00,Fox
Ool_28,30/03/2023,3:58:00,Fox
Ool_28,16/04/2023,10:33:00,Fox
Ool_28,17/04/2023,0:42:00,Fox
Ool_28,10/05/2023,22:53:00,Fox
Ool_28,29/05/2023,23:04:00,Fox
Ool_28,31/05/2023,21:00:00,Fox
Ool_28,17/06/2023,19:41:00,Fox
Ool_28,10/07/2023,2:01:00,Fox
Ool_28,8/08/2023,23:53:00,Fox
Ool_28,23/08/2023,20:46:00,Fox
Ool_28,28/02/2024,10:17:24,Fox
Ool_28,18/03/2024,4:17:27,Fox
Ool_28,19/03/2024,6:15:00,Fox
Ool_28,27/03/2024,5:17:14,Fox
Ool_28,9/04/2024,1:06:22,Fox
Ool_28,11/04/2024,6:12:08,Fox
Ool_28,12/04/2024,1:20:03,Fox
Ool_28,15/04/2024,5:24:54,Fox
Ool_28,14/06/2024,3:28:42,Fox
Ool_28,22/06/2024,11:52:29,Fox
Ool_28,25/06/2024,18:22:07,Fox
Ool_28,28/06/2024,22:27:55,Fox
Ool_28,5/07/2024,19:27:35,Fox
Ool_28,13/07/2024,22:22:50,Fox
Ool_28,20/07/2024,7:10:01,Fox
Ool_28,21/07/2024,4:50:25,Fox
Ool_28,24/08/2024,5:15:00,Fox
Ool_28,12/09/2024,21:12:29,Fox
Ool_28,17/09/2024,21:34:09,Fox
Ool_29,1/03/2023,9:17:00,Fox
Ool_29,11/03/2023,6:23:00,Fox
Ool_29,1/04/2023,12:27:00,Fox
Ool_29,4/04/2023,3:52:00,Fox
Ool_29,21/04/2023,11:56:00,Fox
Ool_29,29/05/2023,7:00:00,Fox
Ool_29,1/06/2023,8:37:00,Fox
Ool_29,24/06/2023,7:07:00,Fox
Ool_29,13/02/2024,3:06:15,Fox
Ool_29,26/02/2024,6:29:29,Fox
Ool_29,28/02/2024,4:48:11,Fox
Ool_29,3/03/2024,4:24:25,Fox
Ool_29,8/03/2024,12:32:54,Fox
Ool_29,11/03/2024,2:08:20,Fox
Ool_29,12/03/2024,2:22:36,Fox
Ool_29,11/04/2024,9:03:59,Fox
Ool_29,7/06/2024,8:00:33,Fox
Ool_29,8/06/2024,4:41:36,Fox
Ool_29,9/06/2024,8:13:24,Fox
Ool_29,11/06/2024,9:06:43,Fox
Ool_29,12/06/2024,1:03:46,Fox
Ool_29,13/06/2024,19:15:56,Fox
Ool_29,14/06/2024,23:35:33,Fox
Ool_29,27/06/2024,2:53:47,Fox
Ool_29,7/07/2024,7:16:12,Fox
Ool_29,8/09/2024,9:14:18,Fox
Ool_29,10/09/2024,8:47:30,Fox
Ool_29,22/09/2024,22:28:18,Fox
Ool_29,18/10/2024,23:37:15,Fox
Ool_30,19/02/2024,2:52:37,Fox
Ool_30,23/02/2024,3:12:35,Fox
Ool_30,3/03/2024,1:17:18,Fox
Ool_30,11/03/2024,4:23:18,Fox
Ool_30,22/03/2024,12:13:01,Fox
Ool_30,25/03/2024,10:11:48,Fox
Ool_30,8/04/2024,7:37:09,Fox
Ool_30,7/05/2024,3:57:47,Fox
Ool_30,14/06/2024,14:09:12,Fox
Ool_30,2/07/2024,21:06:32,Fox
Ool_30,7/07/2024,0:40:42,Fox
Ool_30,23/07/2024,20:43:23,Fox
Ool_31,23/02/2024,2:11:46,Fox
Ool_31,7/03/2024,12:07:37,Fox
Ool_31,17/03/2024,9:23:51,Fox
Ool_31,18/03/2024,8:02:58,Fox
Ool_31,23/05/2024,22:22:10,Fox
Ool_31,30/05/2024,22:31:42,Fox
Ool_31,9/06/2024,18:34:03,Fox
Ool_32,14/03/2023,3:51:00,Fox
Ool_32,28/03/2023,8:36:00,Fox
Ool_32,5/04/2023,11:23:00,Fox
Ool_32,7/04/2023,3:46:00,Fox
Ool_32,10/04/2023,12:11:00,Fox
Ool_32,20/04/2023,3:39:00,Fox
Ool_32,22/04/2023,2:04:00,Fox
Ool_32,23/04/2023,7:09:00,Fox
Ool_32,24/05/2023,1:11:00,Fox
Ool_32,31/05/2023,8:08:00,Fox
Ool_32,1/06/2023,9:53:00,Fox
Ool_32,7/06/2023,8:06:00,Fox
Ool_32,8/06/2023,9:44:00,Fox
Ool_32,9/06/2023,8:41:00,Fox
Ool_32,13/06/2023,10:56:00,Fox
Ool_32,17/06/2023,7:31:00,Fox
Ool_32,18/06/2023,11:05:00,Fox
Ool_32,22/06/2023,5:14:00,Fox
Ool_32,24/06/2023,2:13:00,Fox
Ool_32,27/06/2023,7:59:00,Fox
Ool_32,30/06/2023,8:16:00,Fox
Ool_32,1/07/2023,7:26:00,Fox
Ool_32,2/07/2023,4:31:00,Fox
Ool_32,9/07/2023,7:47:00,Fox
Ool_32,10/07/2023,3:10:00,Fox
Ool_32,12/07/2023,7:49:00,Fox
Ool_32,13/07/2023,7:31:00,Fox
Ool_32,18/07/2023,7:53:00,Fox
Ool_32,20/07/2023,10:33:00,Fox
Ool_32,21/07/2023,12:54:00,Fox
Ool_32,1/08/2023,6:50:00,Fox
Ool_32,14/08/2023,11:01:00,Fox
Ool_32,21/08/2023,6:37:00,Fox
Ool_32,24/08/2023,11:45:00,Fox
Ool_32,28/08/2023,10:15:00,Fox
Ool_32,11/09/2023,2:58:00,Fox
Ool_32,17/09/2023,3:43:00,Fox
Ool_32,3/10/2023,2:26:00,Fox
Ool_32,9/02/2024,3:09:49,Fox
Ool_32,12/02/2024,7:55:37,Fox
Ool_32,8/03/2024,2:15:14,Fox
Ool_32,28/03/2024,1:49:28,Fox
Ool_32,3/04/2024,12:16:51,Fox
Ool_32,4/05/2024,6:42:29,Fox
Ool_32,6/05/2024,5:36:05,Fox
Ool_32,7/05/2024,2:52:40,Fox
Ool_32,10/06/2024,19:18:33,Fox
Ool_32,14/06/2024,14:55:50,Fox
Ool_32,7/07/2024,1:55:38,Fox
Ool_32,23/07/2024,19:44:30,Fox
Ool_32,13/08/2024,22:31:32,Fox
Ool_32,23/08/2024,20:51:13,Fox
Ool_32,26/08/2024,1:44:58,Fox
Ool_32,27/08/2024,2:01:48,Fox
Ool_32,2/09/2024,4:11:01,Fox
Ool_32,5/09/2024,2:55:41,Fox
Ool_32,21/09/2024,23:00:39,Fox
Ool_32,24/09/2024,0:36:16,Fox
Ool_32,29/09/2024,2:33:40,Fox
Ool_32,7/10/2024,22:03:37,Fox
Ool_32,10/10/2024,1:26:17,Fox
Ool_32,13/10/2024,0:59:53,Fox
Ool_32,22/10/2024,1:29:44,Fox
Ool_33,6/03/2023,10:15:00,Fox
Ool_33,7/03/2023,9:56:00,Fox
Ool_33,14/03/2023,6:41:00,Fox
Ool_33,19/03/2023,5:52:00,Fox
Ool_33,20/03/2023,3:25:00,Fox
Ool_33,24/03/2023,4:17:00,Fox
Ool_33,25/03/2023,3:35:00,Fox
Ool_33,28/03/2023,8:37:00,Fox
Ool_33,29/03/2023,1:23:00,Fox
Ool_33,30/03/2023,2:02:00,Fox
Ool_33,12/04/2023,6:56:00,Fox
Ool_33,13/04/2023,9:12:00,Fox
Ool_33,19/04/2023,9:06:00,Fox
Ool_33,22/04/2023,9:09:00,Fox
Ool_33,7/05/2023,7:59:00,Fox
Ool_33,23/06/2023,10:21:00,Fox
Ool_33,8/07/2023,6:31:00,Fox
Ool_33,9/07/2023,4:06:00,Fox
Ool_33,23/07/2023,7:38:00,Fox
Ool_33,24/07/2023,12:58:00,Fox
Ool_33,5/08/2023,12:48:00,Fox
Ool_33,8/08/2023,5:55:00,Fox
Ool_33,23/08/2023,9:01:00,Fox
Ool_33,6/03/2024,12:26:25,Fox
Ool_33,9/03/2024,6:14:06,Fox
Ool_33,21/03/2024,9:27:05,Fox
Ool_33,31/03/2024,5:29:24,Fox
Ool_33,1/04/2024,3:32:30,Fox
Ool_33,3/04/2024,10:19:58,Fox
Ool_33,7/04/2024,8:23:08,Fox
Ool_33,17/04/2024,2:21:55,Fox
Ool_33,18/04/2024,12:24:40,Fox
Ool_33,21/04/2024,8:41:07,Fox
Ool_33,22/04/2024,5:08:15,Fox
Ool_33,26/04/2024,12:12:52,Fox
Ool_33,3/05/2024,12:07:35,Fox
Ool_33,5/05/2024,3:07:49,Fox
Ool_33,13/05/2024,3:39:45,Fox
Ool_33,26/10/2024,1:04:33,Fox
Ool_33,8/01/2025,8:43:56,Fox
Ool_33,11/03/2025,20:48:52,Fox
Ool_33,17/03/2025,1:45:21,Fox
Ool_34,5/03/2023,5:55:00,Fox
Ool_34,7/05/2023,9:07:00,Fox
Ool_34,8/05/2023,1:58:00,Fox
Ool_34,11/05/2023,10:30:00,Fox
Ool_34,14/05/2023,12:07:00,Fox
Ool_34,23/05/2023,8:16:00,Fox
Ool_34,29/05/2023,8:19:00,Fox
Ool_34,12/06/2023,9:00:00,Fox
Ool_34,2/07/2023,3:03:00,Fox
Ool_34,8/08/2023,2:22:00,Fox
Ool_34,29/08/2023,10:02:00,Fox
Ool_34,1/09/2023,7:20:00,Fox
Ool_34,20/10/2023,11:01:00,Fox
Ool_34,10/11/2023,6:44:00,Fox
Ool_34,26/02/2024,2:46:31,Fox
Ool_34,25/03/2024,1:27:01,Fox
Ool_34,1/04/2024,12:37:49,Fox
Ool_34,11/04/2024,1:36:53,Fox
Ool_34,12/04/2024,10:00:51,Fox
Ool_34,15/04/2024,9:51:40,Fox
Ool_34,16/04/2024,6:17:44,Fox
Ool_34,20/04/2024,9:22:01,Fox
Ool_34,26/04/2024,8:44:06,Fox
Ool_34,27/04/2024,10:57:18,Fox
Ool_34,29/04/2024,12:35:41,Fox
Ool_34,15/05/2024,8:00:38,Fox
Ool_34,19/05/2024,8:54:50,Fox
Ool_34,26/05/2024,23:26:35,Fox
Ool_34,10/06/2024,20:03:25,Fox
Ool_34,17/06/2024,20:50:39,Fox
Ool_34,28/06/2024,5:54:33,Fox
Ool_34,30/10/2024,23:51:41,Fox
Ool_36,2/03/2023,9:09:00,Fox
Ool_36,18/03/2023,1:01:00,Fox
Ool_36,30/03/2023,10:14:00,Fox
Ool_36,7/04/2023,9:10:00,Fox
Ool_36,8/04/2023,6:59:00,Fox
Ool_36,11/04/2023,5:25:00,Fox
Ool_36,18/04/2023,10:12:00,Fox
Ool_36,28/04/2023,10:09:00,Fox
Ool_36,2/05/2023,10:14:00,Fox
Ool_36,3/05/2023,6:48:00,Fox
Ool_36,25/05/2023,6:26:00,Fox
Ool_36,20/06/2023,6:38:00,Fox
Ool_36,23/06/2023,1:36:00,Fox
Ool_36,30/06/2023,5:07:00,Fox
Ool_36,4/07/2023,8:11:00,Fox
Ool_36,6/07/2023,10:53:00,Fox
Ool_36,11/07/2023,6:13:00,Fox
Ool_36,23/07/2023,7:43:00,Fox
Ool_36,11/02/2024,4:27:20,Fox
Ool_36,23/02/2024,11:20:12,Fox
Ool_36,24/02/2024,9:26:56,Fox
Ool_36,27/02/2024,8:03:37,Fox
Ool_36,12/03/2024,5:23:31,Fox
Ool_36,20/03/2024,4:17:18,Fox
Ool_36,23/03/2024,1:34:20,Fox
Ool_36,2/04/2024,6:57:50,Fox
Ool_36,9/04/2024,12:11:04,Fox
Ool_36,10/04/2024,8:49:53,Fox
Ool_36,15/04/2024,1:39:17,Fox
Ool_36,22/04/2024,11:16:46,Fox
Ool_36,19/05/2024,6:59:03,Fox
Ool_36,25/05/2024,20:42:07,Fox
Ool_36,2/06/2024,18:08:10,Fox
Ool_36,3/06/2024,18:13:55,Fox
Ool_36,4/06/2024,17:50:28,Fox
Ool_36,5/06/2024,18:01:27,Fox
Ool_36,12/06/2024,19:10:45,Fox
Ool_36,18/06/2024,18:10:53,Fox
Ool_36,23/06/2024,9:09:45,Fox
Ool_36,26/06/2024,20:11:24,Fox
Ool_36,28/06/2024,23:10:21,Fox
Ool_36,4/07/2024,20:06:32,Fox
Ool_36,10/07/2024,17:43:10,Fox
Ool_36,22/07/2024,18:44:48,Fox
Ool_36,1/08/2024,22:33:56,Fox
Ool_36,27/08/2024,1:46:50,Fox
Ool_38,21/08/2024,17:24:00,Fox
Ool_38,22/08/2024,5:01:22,Fox
Ool_4,7/03/2023,22:31:00,Fox
Ool_4,10/03/2023,6:43:00,Fox
Ool_4,5/04/2023,22:48:00,Fox
Ool_4,9/04/2023,1:12:00,Fox
Ool_4,13/04/2023,20:27:00,Fox
Ool_4,14/04/2023,20:27:00,Fox
Ool_4,15/04/2023,20:27:00,Fox
Ool_4,2/05/2023,2:22:00,Fox
Ool_4,9/05/2023,19:58:00,Fox
Ool_4,25/03/2024,6:56:00,Fox
Ool_4,3/05/2024,7:39:00,Fox
Ool_4,30/05/2024,12:51:16,Fox
Ool_42,4/04/2023,1:53:00,Fox
Ool_42,7/04/2023,7:56:00,Fox
Ool_42,9/04/2023,3:08:00,Fox
Ool_42,10/04/2023,6:27:00,Fox
Ool_42,16/04/2023,7:48:00,Fox
Ool_42,17/04/2023,10:47:00,Fox
Ool_42,20/04/2023,10:12:00,Fox
Ool_42,22/04/2023,2:09:00,Fox
Ool_42,2/05/2023,1:49:00,Fox
Ool_42,21/05/2023,6:50:00,Fox
Ool_42,24/05/2023,8:53:00,Fox
Ool_42,14/06/2023,3:53:00,Fox
Ool_42,28/09/2023,3:47:00,Fox
Ool_42,18/02/2024,8:53:52,Fox
Ool_42,5/03/2024,6:58:07,Fox
Ool_42,2/04/2024,12:28:12,Fox
Ool_42,1/05/2024,11:39:15,Fox
Ool_42,2/05/2024,10:22:07,Fox
Ool_42,3/05/2024,8:05:38,Fox
Ool_42,22/05/2024,5:08:40,Fox
Ool_42,3/06/2024,18:22:20,Fox
Ool_42,6/06/2024,3:08:18,Fox
Ool_42,14/06/2024,6:10:53,Fox
Ool_42,15/06/2024,21:10:58,Fox
Ool_42,22/06/2024,22:51:18,Fox
Ool_42,23/06/2024,12:19:42,Fox
Ool_44,27/02/2023,12:45:00,Fox
Ool_44,1/03/2023,11:21:00,Fox
Ool_44,2/03/2023,1:09:00,Fox
Ool_44,3/03/2023,2:49:00,Fox
Ool_44,7/03/2023,4:33:00,Fox
Ool_44,9/03/2023,1:04:00,Fox
Ool_44,10/03/2023,2:11:00,Fox
Ool_44,12/03/2023,8:48:00,Fox
Ool_44,13/03/2023,2:18:00,Fox
Ool_44,15/03/2023,11:33:00,Fox
Ool_44,16/03/2023,2:14:00,Fox
Ool_44,28/03/2023,4:13:00,Fox
Ool_44,29/03/2023,9:53:00,Fox
Ool_44,18/02/2024,3:09:08,Fox
Ool_44,19/02/2024,2:26:23,Fox
Ool_44,22/02/2024,4:37:04,Fox
Ool_44,27/02/2024,8:10:18,Fox
Ool_44,1/03/2024,3:10:45,Fox
Ool_44,3/03/2024,9:57:39,Fox
Ool_44,4/03/2024,9:13:03,Fox
Ool_44,5/03/2024,10:25:17,Fox
Ool_44,6/03/2024,5:21:32,Fox
Ool_44,7/03/2024,4:30:22,Fox
Ool_44,9/03/2024,8:52:11,Fox
Ool_44,13/03/2024,3:34:47,Fox
Ool_44,14/03/2024,4:53:32,Fox
Ool_44,21/03/2024,11:10:25,Fox
Ool_44,22/03/2024,7:09:56,Fox
Ool_44,24/03/2024,9:39:03,Fox
Ool_44,26/03/2024,8:16:55,Fox
Ool_44,28/03/2024,2:37:12,Fox
Ool_44,2/04/2024,6:06:18,Fox
Ool_44,3/04/2024,11:28:00,Fox
Ool_44,4/04/2024,3:19:30,Fox
Ool_44,9/04/2024,2:45:35,Fox
Ool_44,10/04/2024,7:25:21,Fox
Ool_44,21/04/2024,6:46:11,Fox
Ool_44,24/04/2024,10:33:31,Fox
Ool_44,25/04/2024,9:55:45,Fox
Ool_44,23/05/2024,2:07:56,Fox
Ool_44,2/06/2024,18:49:08,Fox
Ool_44,30/07/2024,16:32:57,Fox
Ool_44,31/07/2024,0:38:53,Fox
Ool_44,4/08/2024,0:19:23,Fox
Ool_44,8/09/2024,21:49:59,Fox
Ool_44,11/09/2024,17:15:08,Fox
Ool_44,13/09/2024,18:19:05,Fox
Ool_44,8/10/2024,2:49:22,Fox
Ool_45,26/03/2023,5:15:00,Fox
Ool_45,28/03/2023,12:47:00,Fox
Ool_45,4/04/2023,5:26:00,Fox
Ool_45,5/04/2023,12:14:00,Fox
Ool_45,6/04/2023,5:56:00,Fox
Ool_45,7/04/2023,7:58:00,Fox
Ool_45,11/04/2023,10:05:00,Fox
Ool_45,16/04/2023,9:54:00,Fox
Ool_45,4/05/2023,2:57:00,Fox
Ool_45,5/05/2023,7:14:00,Fox
Ool_45,14/05/2023,7:03:00,Fox
Ool_45,16/05/2023,1:55:00,Fox
Ool_45,19/05/2023,9:11:00,Fox
Ool_45,31/05/2023,7:05:00,Fox
Ool_45,14/06/2023,6:54:00,Fox
Ool_45,19/06/2023,10:46:00,Fox
Ool_45,22/06/2023,4:14:00,Fox
Ool_45,24/06/2023,10:27:00,Fox
Ool_45,12/02/2024,4:28:07,Fox
Ool_45,24/02/2024,6:00:04,Fox
Ool_45,25/02/2024,1:34:48,Fox
Ool_45,3/03/2024,7:33:48,Fox
Ool_45,14/03/2024,6:14:00,Fox
Ool_45,21/03/2024,4:16:52,Fox
Ool_45,24/03/2024,8:15:23,Fox
Ool_45,15/04/2024,2:30:45,Fox
Ool_45,17/04/2024,10:45:35,Fox
Ool_45,19/04/2024,5:47:57,Fox
Ool_45,20/04/2024,12:08:32,Fox
Ool_45,22/04/2024,2:44:00,Fox
Ool_45,27/06/2024,21:59:43,Fox
Ool_48,17/03/2023,4:03:00,Fox
Ool_48,6/04/2023,12:05:00,Fox
Ool_48,12/04/2023,8:06:00,Fox
Ool_48,23/04/2023,8:15:00,Fox
Ool_48,8/06/2023,7:29:00,Fox
Ool_48,23/04/2024,5:02:41,Fox
Ool_48,26/04/2024,6:32:01,Fox
Ool_48,13/05/2024,7:32:37,Fox
Ool_48,15/05/2024,8:01:51,Fox
Ool_48,27/06/2024,21:59:43,Fox
Ool_48,3/09/2024,14:14:44,Fox
Ool_48,7/09/2024,13:42:16,Fox
Ool_48,10/10/2024,8:08:53,Fox
Ool_48,12/10/2024,12:10:54,Fox
Ool_48,21/10/2024,16:30:06,Fox
Ool_49,22/03/2023,1:45:00,Fox
Ool_49,25/04/2023,8:28:00,Fox
Ool_49,3/05/2023,10:55:00,Fox
Ool_49,16/06/2023,5:21:00,Fox
Ool_49,19/06/2023,11:39:00,Fox
Ool_49,22/07/2023,9:01:00,Fox
Ool_49,7/09/2023,10:07:00,Fox
Ool_49,24/03/2024,3:45:17,Fox
Ool_49,7/04/2024,5:54:34,Fox
Ool_49,15/05/2024,12:56:23,Fox
Ool_49,21/05/2024,22:22:39,Fox
Ool_5,5/08/2022,5:43:00,Fox
Ool_5,10/02/2024,1:36:25,Fox
Ool_5,13/06/2024,10:02:55,Fox
Ool_5,21/07/2024,7:41:45,Fox
Ool_5,25/08/2024,6:20:56,Fox
Ool_5,27/08/2024,1:05:17,Fox
Ool_5,10/09/2024,6:13:46,Fox
Ool_5,29/12/2024,21:40:57,Fox
Ool_5,7/01/2025,1:10:36,Fox
Ool_6,27/02/2023,1:19:00,Fox
Ool_6,10/03/2023,8:29:00,Fox
Ool_6,11/04/2023,1:48:00,Fox
Ool_6,8/02/2024,8:45:32,Fox
Ool_6,9/02/2024,5:44:45,Fox
Ool_6,11/02/2024,9:36:23,Fox
Ool_6,15/04/2024,10:01:53,Fox
Ool_6,24/05/2024,1:52:11,Fox
Ool_6,27/05/2024,4:41:59,Fox
Ool_6,20/08/2024,12:21:46,Fox
Ool_7,26/02/2023,10:42:00,Fox
Ool_7,3/03/2023,12:00:00,Fox
Ool_7,8/03/2023,1:49:00,Fox
Ool_7,10/03/2023,2:19:00,Fox
Ool_7,13/03/2023,12:18:00,Fox
Ool_7,16/03/2023,12:56:00,Fox
Ool_7,23/03/2023,9:53:00,Fox
Ool_7,25/03/2023,4:35:00,Fox
Ool_7,9/04/2023,11:30:00,Fox
Ool_7,13/04/2023,1:03:00,Fox
Ool_7,14/04/2023,12:36:00,Fox
Ool_7,17/04/2023,1:13:00,Fox
Ool_7,18/04/2023,7:44:00,Fox
Ool_7,20/04/2023,5:29:00,Fox
Ool_7,21/04/2023,8:41:00,Fox
Ool_7,23/04/2023,1:31:00,Fox
Ool_7,28/04/2023,1:12:00,Fox
Ool_7,1/05/2023,3:08:00,Fox
Ool_7,12/05/2023,10:44:00,Fox
Ool_7,15/05/2023,4:35:00,Fox
Ool_7,16/05/2023,5:49:00,Fox
Ool_7,8/06/2023,9:31:00,Fox
Ool_7,13/06/2023,9:01:00,Fox
Ool_7,11/07/2023,7:21:00,Fox
Ool_7,23/07/2023,4:28:00,Fox
Ool_7,25/07/2023,7:09:00,Fox
Ool_7,30/07/2023,11:26:00,Fox
Ool_7,10/08/2023,6:21:00,Fox
Ool_7,2/09/2023,8:32:00,Fox
Ool_7,25/09/2023,5:14:00,Fox
Ool_7,8/02/2024,10:12:08,Fox
Ool_7,18/02/2024,3:03:07,Fox
Ool_7,19/02/2024,4:54:39,Fox
Ool_7,5/04/2024,8:46:55,Fox
Ool_7,29/04/2024,7:32:57,Fox
Ool_7,1/05/2024,6:47:12,Fox
Ool_7,6/05/2024,2:24:21,Fox
Ool_7,27/05/2024,1:33:12,Fox
Ool_7,7/06/2024,6:55:08,Fox
Ool_7,17/06/2024,2:51:48,Fox
Ool_7,21/06/2024,9:33:15,Fox
Ool_7,1/07/2024,1:39:05,Fox
Ool_7,25/08/2024,5:05:37,Fox
Ool_7,16/09/2024,22:55:29,Fox
Ool_7,17/09/2024,19:35:53,Fox
Ool_7,3/04/2025,1:04:48,Fox
Ool_7,6/04/2025,0:38:57,Fox
Ool_8,28/05/2024,8:55:12,Fox
